ID,Creative Name,Type,Format,Model Used,Status,CDN URL,Aspect Ratio,Resolution,Date Created,Meme Style,Target Emotion,Best Platform,Post Status,Notes
1,Drake Nahi-Haan Meme,Image,Static Meme,nano_banana_2,Completed,https://d8j0ntlcm91z4.cloudfront.net/user_39k3deepWbbip5TjcHnk19usXP3/hf_20260514_074257_8e9de08d-318d-4f12-ab0d-b8791599f7d2.png,9:16,2K,2026-05-14,Drake Pointing,Relatability + Aspiration,Instagram / WhatsApp,Pending,Top-performing format for 18-21 Indian audience
2,Expectation vs Reality,Image,Static Meme,nano_banana_2,Completed,https://d8j0ntlcm91z4.cloudfront.net/user_39k3deepWbbip5TjcHnk19usXP3/hf_20260514_074301_a6056dc7-8da5-4b47-86d2-378e415a7552.png,9:16,2K,2026-05-14,Split Screen,FOMO + Humor,Instagram / Twitter,Pending,Ghar wale ka plan vs Mera actual plan
3,Ghar Wale vs Main,Image,Static Meme,nano_banana_2,Completed,https://d8j0ntlcm91z4.cloudfront.net/user_39k3deepWbbip5TjcHnk19usXP3/hf_20260514_074306_bc08509f-575c-4b8e-b9cd-379a7d9717a9.png,9:16,2K,2026-05-14,Thought Bubble,Humor + Relatability,Instagram / WhatsApp,Pending,Parent asks about CUET — student already earning
4,Spider-Man Pointing,Image,Static Meme,nano_banana_2,Completed,https://d8j0ntlcm91z4.cloudfront.net/user_39k3deepWbbip5TjcHnk19usXP3/hf_20260514_074311_7ab687da-844c-4e1f-8d60-0d09005ab97f.png,9:16,2K,2026-05-14,Identity Mirror,Confidence + Humor,Instagram,Pending,CUET Topper = Side Hustle Earner = same person
5,POV Reel - Razorpay Buzz,Video,Video Meme,kling3_0,Completed,https://d8j0ntlcm91z4.cloudfront.net/user_39k3deepWbbip5TjcHnk19usXP3/hf_20260514_074325_24966ed1-ad71-43a8-81a4-baca27fd1987.mp4,9:16,720p,2026-05-14,POV Format,Aspiration + Surprise,Instagram Reels / Twitter,Pending,8s — highest performing format for this demographic
6,Before-After Transformation,Video,Video Meme,seedance_2_0,Rendering,PENDING,9:16,720p,2026-05-14,Transformation,Hope + Aspiration,Instagram Reels,Pending,Dec 2024 stress → June 2025 CUET cleared + ₹40K
7,TED Talk - 3 Side Hustles,Video,TED-Style Clip,kling3_0,Completed,https://d8j0ntlcm91z4.cloudfront.net/user_39k3deepWbbip5TjcHnk19usXP3/hf_20260514_074335_57fd2b76-a35e-4638-8eef-a5fc01ca93c2.mp4,9:16,720p,2026-05-14,Talking Head / TED,Motivation + Education,Instagram Reels / YouTube Shorts,Pending,12s — 3 Side Hustles Every CUET Student Can Start
8,Log Kya Kahenge Reversal,Image,Static Meme,nano_banana_2,Rendering,PENDING,9:16,2K,2026-05-14,Two-Panel Reversal,Empowerment,Instagram / Twitter,Pending,Most relatable Indian format — reversal punchline
9,Nihilistic Penguin,Image,Static Meme,nano_banana_2,Rendering,PENDING,9:16,2K,2026-05-14,Nihilistic/Unbothered,Dark Humor + Aspiration,Instagram / WhatsApp,Pending,Breakout 2025-26 Indian meme format
10,WhatsApp Family Group,Image,Static Meme,nano_banana_2,Rendering,PENDING,9:16,2K,2026-05-14,Screenshot Meme,Humor + Ultra Relatability,Instagram / WhatsApp Forward,Pending,Highest shareability — family group chat format
11,Moye Moye Reversal,Video,Video Meme,kling3_0,Rendering,PENDING,9:16,720p,2026-05-14,Subverted Expectation,Surprise + Triumph,Instagram Reels / Twitter,Pending,Subversion gets 2-3x engagement over straight Moye Moye use
12,TED Talk - Female Voice,Video,TED-Style Clip,seedance_2_0,Rendering,PENDING,9:16,720p,2026-05-14,Talking Head / TED,Motivation + Empowerment,Instagram Reels / LinkedIn,Pending,12s — Jo sirf padh rahe hain vs jo earn kar rahe hain

13,CUET Exam Life - Hinglish Script,Video,Premium Voice Reel,kling3_0,Rendering,PENDING,9:16,720p,2026-05-14,Cinematic Satire,Relatability + Dark Humor,Instagram Reels,Pending,Job: 1fe6171a-cc5a-497b-9e73-5cefe025d3e7 | 8s | CUET satirical | hyper-realistic | script in video_scripts_hinglish.md
14,Exam Season - Hinglish Script,Video,Premium Voice Reel,kling3_0,Rendering,PENDING,9:16,720p,2026-05-14,Cinematic Satire,Humor + Ultra Relatability,Instagram Reels / WhatsApp,Pending,Job: 7c54ec7a-862a-4102-8949-c51daf9e08fc | 8s | Exam season satire | hyper-realistic | script in video_scripts_hinglish.md
15,First Rupee Online - Hinglish Script,Video,Premium Aspirational Reel,kling3_0,Rendering,PENDING,9:16,720p,2026-05-14,Coming-of-Age Story,Aspiration + Emotion,Instagram Reels / YouTube Shorts,Pending,Job: 76daaec8-df3f-465d-be56-7ff7969e7850 | 8s | First earning story | hyper-realistic | script in video_scripts_hinglish.md16,CUET Syllabus Shock Meme,Image,Static Meme,nano_banana_2,Rendering,PENDING,9:16,1K,2026-05-14,Reaction Shock,Dark Humor + Recognition,Instagram / WhatsApp,Pending,Job: ab2a0947-4b48-466d-8801-8c8ead9e8ee1 | V2 revised
17,Group Chat Reality Meme,Image,Static Meme,nano_banana_2,Rendering,PENDING,9:16,1K,2026-05-14,Screenshot Meme,Ultra Relatability,WhatsApp / Instagram,Pending,Job: cf6a39c7-ca13-49c8-b881-736890e04d5d | V2 revised
18,Drake CUET Prep Meme,Image,Static Meme,nano_banana_2,Rendering,PENDING,9:16,1K,2026-05-14,Drake Format,Guilty Humor,Instagram / Twitter,Pending,Job: ab42294a-9558-4e96-959b-abfd465d2f4b | V2 revised
19,Ghar Waale vs Beta Plan Meme,Image,Static Meme,nano_banana_2,Rendering,PENDING,9:16,1K,2026-05-14,Split Comparison,Aspiration + Rebellion,Instagram / Twitter,Pending,Job: beeda429-772b-4f54-ac68-a5f7e94a9e24 | V2 revised
20,CUET Exam Day Panic Reel,Video,Satirical Reel,kling3_0,Rendering,PENDING,9:16,720p,2026-05-14,POV Satire,Recognition + Humor,Instagram Reels,Pending,Job: 9ef7f4b5-18e0-4d1e-b277-df065d332d07 | V2 revised
21,College Friendships Reality Reel,Video,Satirical Reel,kling3_0,Rendering,PENDING,9:16,720p,2026-05-14,Slice of Life,Relatability + Bittersweet,Instagram Reels / WhatsApp,Pending,Job: 6ee8c428-d7c8-4766-8775-9268145c8aab | V2 revised
22,First Client Reply Reel,Video,Aspirational Reel,kling3_0,Rendering,PENDING,9:16,720p,2026-05-14,Coming of Age,Aspiration + Emotion,Instagram Reels / YouTube Shorts,Pending,Job: 7523fa9a-2be1-40fd-96e9-f3460eb92ee5 | V2 revised23,CUET Pressure Reel V3,Video,Satirical Reel,kling3_0,Rendering,PENDING,9:16,720p,2026-05-14,Emotional Satire,Exhaustion + Recognition,Instagram Reels,Pending,Job: c0c8b8cd-fb4e-4037-929f-29eb4f5fdc1e | 15s | Gemini V3 script | ElevenLabs ready
24,College Friendships V3,Video,Satirical Reel,kling3_0,Rendering,PENDING,9:16,720p,2026-05-14,Slice of Life,Bittersweet + Warm,Instagram Reels / WhatsApp,Pending,Job: d68d8980-1dae-454b-aacb-bdaa573e2528 | 15s | Gemini V3 script | ElevenLabs ready
25,First Online Earning V3,Video,Aspirational Reel,kling3_0,Rendering,PENDING,9:16,720p,2026-05-14,Coming of Age,Aspiration + Proof,Instagram Reels / YouTube Shorts,Pending,Job: 495564e3-73e2-461a-bed5-3dc2c30f8b13 | 15s | Gemini V3 script | ElevenLabs ready